Case,Platform,Publisher,PubDate,Likes,Comments,Saves,Shots,Graphics,EditsStyle,Broll,NatSound,Audio,Music,Narration,Humor,Offensive,Sourcing,Fairness,Agenda,MediaIntegrity,Decorum,Language,Topic,Presentation,ExternalVidSource,MediaType,VideoURL,Animation,Filters,Decorum_Z,Language_Z
1.0,YouTube Shorts,The Washington Post,11/1/23,100,11,,1.0,3.0,1.0,1.0,1.0,1.0,1.0,0.0,1.0,1.0,0.0,2.0,3.0,3.0,2.0,2.0,2.0,3.0,0.0,Hybrid,This high school student is working to unify America | Opinion (youtube.com),0,0,0.25,0.25
2.0,YouTube Shorts,The Washington Post,11/1/23,26,2,,1.0,4.0,1.0,1.0,1.0,1.0,1.0,1.0,0.0,1.0,1.0,4.0,2.0,5.0,3.0,2.0,7.0,3.0,0.0,Hybrid,Visit one of the tallest timber buildings in the world (youtube.com),0,0,0.5,0.25
3.0,YouTube Shorts,The Washington Post,11/1/23,278,70,,1.0,1.0,1.0,1.0,1.0,1.0,1.0,1.0,0.0,1.0,1.0,4.0,2.0,4.0,2.0,1.0,2.0,2.0,0.0,Hybrid,(5) Rep. George Santos survives vote to expel him - YouTube,1,0,0.25,0.0
4.0,YouTube Shorts,The Washington Post,11/6/23,783,193,,1.0,1.0,1.0,1.0,0.0,1.0,1.0,1.0,0.0,1.0,1.0,4.0,3.0,4.0,,2.0,2.0,3.0,0.0,Hybrid,Trump testifies in his own civil fraud trial (youtube.com),1,0,,0.25
5.0,YouTube Shorts,The Washington Post,11/8/23,277,75,,1.0,1.0,1.0,1.0,1.0,1.0,1.0,1.0,0.0,1.0,1.0,4.0,3.0,4.0,1.0,1.0,2.0,2.0,0.0,Hybrid,Abortion on the ballot gives Dems a big night (youtube.com),1,0,0.0,0.0
6.0,YouTube Shorts,The Washington Post,11/8/23,912,105,,1.0,1.0,0.0,0.0,0.0,1.0,0.0,0.0,0.0,1.0,1.0,1.0,2.0,2.0,1.0,2.0,1.0,3.0,1.0,Hybrid,Tlaib calls for Gaza cease-fire in impassioned speech (youtube.com),1,0,0.0,0.25
7.0,YouTube Shorts,The Washington Post,11/9/23,20,1,,1.0,1.0,1.0,1.0,1.0,1.0,1.0,0.0,0.0,1.0,1.0,3.0,3.0,3.0,,2.0,7.0,2.0,1.0,Hybrid,"Hazardous air quality chokes India, Pakistan - YouTube",1,0,,0.25
8.0,Instagram Reels,The Washington Post,11/1/23,2279,35,,,1.0,1.0,0.0,0.0,0.0,0.0,0.0,0.0,1.0,1.0,3.0,4.0,3.0,,,7.0,5.0,0.0,Hybrid,It's better for your health to stop wasting food,1,0,,
9.0,Instagram Reels,The Washington Post,11/3/23,6799,580,,1.0,3.0,1.0,0.0,0.0,0.0,1.0,1.0,0.0,1.0,1.0,5.0,3.0,4.0,2.0,3.0,2.0,3.0,1.0,Hybrid,Biden's collabing with influencers,0,0,0.25,0.5
10.0,Instagram Reels,The Washington Post,11/3/23,13831,3046,,0.0,4.0,0.0,1.0,1.0,0.0,0.0,0.0,0.0,2.0,1.0,2.0,4.0,2.0,,,1.0,3.0,1.0,Hybrid,Israel strikes ambulance near Gaza City hospital,0,0,,
11.0,Instagram Reels,The Washington Post,11/7/23,22788,120,,,1.0,1.0,0.0,0.0,0.0,0.0,0.0,1.0,1.0,1.0,5.0,3.0,4.0,,3.0,4.0,4.0,0.0,Hybrid,Think cats are aloof?,1,0,,0.5
12.0,Instagram Reels,The Washington Post,11/9/23,10886,1341,,1.0,4.0,0.0,0.0,0.0,1.0,1.0,0.0,0.0,1.0,1.0,5.0,2.0,4.0,1.0,2.0,2.0,2.0,1.0,Hybrid,"""‚Ä¶Or do you want Dick Chaney in three-inch heels?""",0,0,0.0,0.25
13.0,Instagram Reels,The Washington Post,11/10/23,37080,349,,0.0,1.0,0.0,1.0,1.0,0.0,1.0,1.0,1.0,1.0,0.0,5.0,2.0,4.0,1.0,2.0,4.0,2.0,0.0,Hybrid,The best place to shop? Other people's lost luggage.,1,0,0.0,0.25
14.0,Instagram Reels,The Washington Post,11/13/23,2310,50,,0.0,3.0,1.0,1.0,0.0,1.0,1.0,1.0,0.0,1.0,1.0,4.0,2.0,4.0,4.0,2.0,5.0,4.0,0.0,Hybrid,While experts have long predicted generative artificial intelligence would lead to a tsunami,0,0,0.75,0.25
15.0,TikTok,The Washington Post,11/1/23,2970,113,48.0,1.0,2.0,1.0,0.0,0.0,1.0,1.0,0.0,1.0,1.0,0.0,3.0,3.0,3.0,5.0,,2.0,5.0,0.0,Hybrid,"""Third-party candidates see some of their best polls since Ross Perot"" ",0,1,1.0,
16.0,TikTok,The Washington Post,11/1/23,13000,67,584.0,1.0,3.0,1.0,0.0,0.0,1.0,1.0,0.0,1.0,1.0,1.0,5.0,4.0,4.0,3.0,5.0,3.0,4.0,0.0,Hybrid,The Food and Drug Administration has issued warnings for 26 over-the-counter eye care,0,0,0.5,1.0
17.0,TikTok,The Washington Post,11/3/23,22100,378,375.0,1.0,1.0,1.0,0.0,1.0,1.0,1.0,0.0,1.0,1.0,1.0,4.0,1.0,5.0,4.0,5.0,7.0,4.0,0.0,Hybrid,Reminder to set your clocks back an hour this weekend ü´°,1,0,0.75,1.0
18.0,TikTok,The Washington Post,11/7/23,21800,114,594.0,1.0,3.0,1.0,0.0,0.0,1.0,1.0,0.0,1.0,1.0,1.0,4.0,2.0,4.0,4.0,4.0,4.0,4.0,0.0,Hybrid,"A store manager in Fort Myers, Florida put a skull out for sale in September and thought little of it",0,0,0.75,0.75
19.0,TikTok,The Washington Post,11/8/23,13400,72,311.0,1.0,3.0,1.0,1.0,0.0,1.0,0.0,1.0,1.0,1.0,1.0,5.0,2.0,4.0,4.0,3.0,2.0,4.0,0.0,Hybrid,"Tuesday was Election Day 2023, and The Carmellas‚Ñ¢Ô∏è break it down.",0,0,0.75,0.5
20.0,TikTok,The Washington Post,11/9/23,2748,109,91.0,1.0,4.0,0.0,0.0,0.0,1.0,0.0,0.0,0.0,1.0,1.0,4.0,2.0,4.0,2.0,2.0,2.0,2.0,1.0,Hybrid,GOP presidential candidates speak on TikTok in the third Republican debate.,0,0,0.25,0.25
21.0,TikTok,The Washington Post,11/9/23,2045,78,48.0,1.0,4.0,1.0,0.0,0.0,0.0,0.0,0.0,1.0,4.0,1.0,1.0,4.0,3.0,2.0,2.0,2.0,2.0,1.0,Hybrid,Former U.N. ambassador Nikki Haley told entrepreneur and fellow Republican presidential candidate,0,0,0.25,0.25
22.0,YouTube Shorts,NPR,8/30/23,155,3,48.0,1.0,4.0,1.0,1.0,1.0,1.0,0.0,1.0,0.0,1.0,1.0,4.0,2.0,4.0,2.0,1.0,4.0,2.0,0.0,Hybrid,The Belfast peace walls are not coming down anytime soon. - YouTube,0,0,0.25,0.0
23.0,YouTube Shorts,NPR,8/31/23,306,131,48.0,1.0,4.0,1.0,0.0,0.0,1.0,0.0,0.0,0.0,1.0,1.0,2.0,3.0,3.0,1.0,2.0,2.0,2.0,1.0,Hybrid,McConnell freezes at Kentucky press conference - YouTube,0,0,0.0,0.25
24.0,YouTube Shorts,NPR,9/1/23,136,6,48.0,1.0,4.0,0.0,1.0,1.0,1.0,0.0,0.0,0.0,1.0,1.0,5.0,1.0,5.0,,,4.0,3.0,1.0,Hybrid,A world record volleyball match - YouTube,0,0,,
25.0,YouTube Shorts,NPR,9/6/23,63,2,48.0,1.0,4.0,1.0,1.0,1.0,0.0,0.0,0.0,0.0,1.0,1.0,4.0,2.0,4.0,,,7.0,3.0,1.0,Hybrid,"Torrential rains flood Greece, Turkey, Bulgaria - YouTube",0,0,,
26.0,YouTube Shorts,NPR,9/6/23,146,5,48.0,1.0,4.0,1.0,1.0,1.0,1.0,0.0,1.0,0.0,1.0,1.0,3.0,3.0,3.0,2.0,1.0,2.0,2.0,0.0,Hybrid,Technicians demonstrate a Soviet-era reactor - YouTube,0,0,0.25,0.0
27.0,YouTube Shorts,NPR,9/7/23,145,16,48.0,1.0,4.0,0.0,0.0,0.0,0.0,0.0,0.0,0.0,1.0,1.0,2.0,1.0,3.0,,,3.0,3.0,1.0,Hybrid,"Convicted murderer ""crab walks"" out of Pennsylvania prison yard - YouTube",0,0,,
28.0,YouTube Shorts,NPR,9/8/23,76,3,48.0,0.0,4.0,0.0,1.0,1.0,0.0,0.0,0.0,0.0,1.0,1.0,3.0,3.0,3.0,,2.0,3.0,2.0,1.0,Hybrid,Ailing explorer trapped in Turkish cave - YouTube,0,0,,0.25
29.0,Instagram Reels,NPR,11/1/23,8567,71,48.0,1.0,4.0,1.0,1.0,0.0,1.0,1.0,1.0,0.0,1.0,1.0,4.0,3.0,4.0,3.0,2.0,7.0,3.0,0.0,Hybrid,Things are not looking good for amphibians.,0,0,0.5,0.25
30.0,Instagram Reels,NPR,11/1/23,7056,1085,22.0,1.0,4.0,1.0,1.0,1.0,1.0,0.0,0.0,0.0,2.0,1.0,3.0,4.0,3.0,,,1.0,2.0,1.0,Hybrid,Foreign nationals gathered at Gaza's border crossing with Egypt on‚Ä¶,0,0,,
31.0,Instagram Reels,NPR,11/1/23,15943,80,22.0,,1.0,1.0,0.0,1.0,1.0,1.0,1.0,0.0,1.0,1.0,5.0,4.0,4.0,2.0,1.0,1.0,3.0,0.0,Hybrid,Why marigolds on D√≠a de los Muertos?,1,0,0.25,0.0
32.0,Instagram Reels,NPR,11/1/23,6579,1833,29.0,1.0,4.0,1.0,1.0,1.0,1.0,0.0,1.0,0.0,1.0,1.0,3.0,2.0,3.0,3.0,2.0,1.0,3.0,0.0,Hybrid,Many hospitals in Israel are moving underground in case of a missile attack.‚Å†,0,0,0.5,0.25
33.0,Instagram Reels,NPR,11/1/23,7767,857,51.0,1.0,4.0,1.0,1.0,1.0,1.0,0.0,1.0,0.0,2.0,1.0,2.0,4.0,2.0,3.0,2.0,1.0,3.0,0.0,Hybrid,Israelis are rallying for the release of all Palestinian prisoners in‚Ä¶,0,0,0.5,0.25
34.0,Instagram Reels,NPR,11/2/23,496472,1803,46.0,1.0,4.0,0.0,1.0,1.0,1.0,0.0,0.0,0.0,2.0,1.0,2.0,3.0,3.0,,,1.0,3.0,1.0,Hybrid,An Israeli airstrike hit Maghazi refugee camp in central Gaza‚Ä¶,0,0,,
35.0,Instagram Reels,NPR,11/3/23,7538,261,46.0,1.0,4.0,1.0,1.0,0.0,1.0,1.0,1.0,0.0,1.0,1.0,4.0,4.0,3.0,1.0,1.0,7.0,3.0,0.0,Hybrid,"The environmental justice movement got its start on the side of the highway in Warren County, N.C.",0,0,0.0,0.0
36.0,TikTok,NPR,11/1/23,470,24,22.0,1.0,4.0,1.0,1.0,1.0,1.0,0.0,0.0,0.0,2.0,1.0,3.0,4.0,3.0,,,1.0,2.0,1.0,Hybrid,Foreign nationals gathered at Gaza's border crossing with Egypt on‚Ä¶,0,0,,
37.0,TikTok,NPR,11/2/23,821,118,51.0,1.0,4.0,1.0,1.0,1.0,1.0,0.0,1.0,0.0,2.0,1.0,2.0,4.0,2.0,3.0,2.0,1.0,3.0,0.0,Hybrid,Israelis are rallying for the release of all Palestinian prisoners in‚Ä¶,0,0,0.5,0.25
38.0,TikTok,NPR,11/2/23,572,44,46.0,1.0,4.0,0.0,1.0,1.0,1.0,0.0,0.0,0.0,2.0,1.0,2.0,3.0,3.0,,,1.0,3.0,1.0,Hybrid,An Israeli airstrike hit Maghazi refugee camp in central Gaza‚Ä¶,0,0,,
39.0,TikTok,NPR,11/2/23,612,220,29.0,1.0,4.0,1.0,1.0,1.0,1.0,0.0,1.0,0.0,1.0,1.0,3.0,2.0,3.0,3.0,2.0,1.0,3.0,0.0,Hybrid,Many hospitals in Israel are moving underground in case of a missile attack.‚Å†,0,0,0.5,0.25
40.0,TikTok,NPR,11/3/23,862,177,55.0,0.0,1.0,0.0,1.0,1.0,0.0,0.0,0.0,0.0,2.0,1.0,2.0,4.0,3.0,,,1.0,3.0,1.0,Hybrid,An Israeli strike hit the Bureij refugee camp in central Gaza on Thursday‚Ä¶,1,0,,
41.0,TikTok,NPR,11/6/23,2085,552,65.0,0.0,4.0,0.0,1.0,1.0,0.0,0.0,0.0,0.0,2.0,1.0,2.0,4.0,3.0,,,1.0,3.0,1.0,Hybrid,"At Ben Gurion Airport in Tel Aviv, new photographs highlight the‚Ä¶",0,0,,
42.0,TikTok,NPR,11/6/24,4826,419,215.0,1.0,3.0,1.0,0.0,0.0,1.0,0.0,0.0,0.0,1.0,1.0,5.0,2.0,5.0,2.0,3.0,2.0,3.0,0.0,Hybrid,Nearly a quarter of Americans support political violence heading into the 2024 presidential election,0,0,0.25,0.5
43.0,YouTube Shorts,Tampa Bay Times,8/6/23,12,1,215.0,1.0,4.0,1.0,1.0,1.0,1.0,1.0,1.0,0.0,1.0,1.0,4.0,4.0,4.0,3.0,1.0,7.0,3.0,0.0,Legacy,Why do we need coral reefs? Here‚Äôs why they are so important. - YouTube,0,0,0.5,0.0
44.0,YouTube Shorts,Tampa Bay Times,8/12/23,62,2,215.0,1.0,1.0,1.0,0.0,1.0,1.0,1.0,0.0,0.0,1.0,1.0,3.0,4.0,3.0,3.0,,4.0,3.0,0.0,Legacy,Tampa Bay family competes for $1 million ‚ÄòAmerican Ninja Warrior‚Äô prize,1,0,0.5,
45.0,YouTube Shorts,Tampa Bay Times,8/21/23,27,2,215.0,0.0,4.0,1.0,1.0,0.0,1.0,0.0,1.0,0.0,1.0,1.0,4.0,4.0,4.0,,2.0,7.0,2.0,0.0,Legacy,Why Florida scientists have a hint of hope amid the coral bleaching crisis,0,0,,0.25
46.0,YouTube Shorts,Tampa Bay Times,8/28/23,172,8,215.0,1.0,1.0,0.0,1.0,1.0,1.0,1.0,0.0,0.0,1.0,1.0,5.0,5.0,5.0,4.0,2.0,7.0,3.0,0.0,Legacy,Tampa Bay prepares for Tropical Storm Idalia ,1,0,0.75,0.25
47.0,YouTube Shorts,Tampa Bay Times,8/29/23,104,4,215.0,0.0,1.0,0.0,1.0,1.0,0.0,0.0,0.0,0.0,1.0,1.0,4.0,3.0,4.0,,2.0,7.0,3.0,1.0,Legacy,What does a king tide in Tampa Bay mean for Idalia‚Äôs storm surge?,1,0,,0.25
48.0,YouTube Shorts,Tampa Bay Times,1/6/24,14,4,215.0,1.0,1.0,1.0,1.0,1.0,1.0,1.0,0.0,0.0,1.0,1.0,5.0,1.0,5.0,,2.0,4.0,3.0,1.0,Legacy,Tarpon Springs Epiphany cross is retrieved under blue skies,1,0,,0.25
49.0,YouTube Shorts,Tampa Bay Times,1/6/24,20,1,215.0,1.0,1.0,1.0,0.0,1.0,1.0,0.0,0.0,0.0,1.0,1.0,4.0,2.0,4.0,2.0,3.0,4.0,2.0,0.0,Legacy,"The cross goes to John Hittos, 16, at Epiphany dive in Tarpon Springs",1,0,0.25,0.5
50.0,Instagram Reels,Tampa Bay Times,11/3/23,1024,16,215.0,1.0,1.0,1.0,0.0,1.0,1.0,0.0,0.0,0.0,1.0,1.0,4.0,2.0,4.0,2.0,3.0,4.0,2.0,0.0,Legacy,"A large, colorful tent is set up in the parking lot of St. Petersburg‚Äôs‚Ä¶",1,0,0.25,0.5
51.0,Instagram Reels,Tampa Bay Times,11/6/23,689,22,215.0,1.0,1.0,1.0,0.0,1.0,1.0,0.0,0.0,0.0,1.0,1.0,4.0,2.0,4.0,2.0,3.0,4.0,2.0,0.0,Legacy,Tampa International Airport is aiming to make electric air taxis a possibility.‚Å†..,1,0,0.25,0.5
52.0,Instagram Reels,Tampa Bay Times,11/12/23,1069,11,215.0,1.0,1.0,1.0,0.0,1.0,1.0,0.0,0.0,0.0,1.0,1.0,4.0,2.0,4.0,2.0,3.0,4.0,2.0,0.0,Legacy,"Lying in bed at Tampa General Hospital, Gavin Benyon‚Äôs left arm‚Ä¶",1,0,0.25,0.5
53.0,Instagram Reels,Tampa Bay Times,11/18/23,244,8,215.0,1.0,1.0,1.0,0.0,1.0,1.0,0.0,0.0,0.0,1.0,1.0,4.0,2.0,4.0,2.0,3.0,4.0,2.0,0.0,Legacy,"Meet War Feather, a retired racehorse born in Florida horse country.‚Å†..",1,0,0.25,0.5
54.0,Instagram Reels,Tampa Bay Times,11/30/23,255,32,215.0,1.0,1.0,1.0,0.0,0.0,1.0,0.0,0.0,0.0,1.0,1.0,3.0,2.0,4.0,1.0,1.0,2.0,1.0,0.0,Legacy,California Gov. Gavin Newsom and Florida Gov. Ron DeSantis are facing off...,1,0,0.0,0.0
55.0,Instagram Reels,Tampa Bay Times,12/2/23,118,3,215.0,1.0,1.0,1.0,0.0,0.0,1.0,0.0,0.0,0.0,1.0,1.0,3.0,2.0,4.0,1.0,1.0,2.0,1.0,0.0,Legacy,A car accident at age 21 stole Barbara Walker‚Äôs sense of smell‚Ä¶,1,0,0.0,0.0
56.0,Instagram Reels,Tampa Bay Times,12/12/23,560,92,215.0,1.0,3.0,1.0,1.0,1.0,1.0,1.0,1.0,0.0,1.0,1.0,4.0,4.0,4.0,1.0,1.0,3.0,2.0,0.0,Legacy,A Tampa Bay Times investigation found that more than 580 people in Florida have died from kratom,0,0,0.0,0.0
57.0,TikTok,Tampa Bay Times,11/1/23,289,12,10.0,1.0,1.0,0.0,1.0,1.0,0.0,0.0,0.0,0.0,1.0,1.0,4.0,2.0,5.0,,,3.0,3.0,1.0,Legacy,A man was rescued after a small plane crashed into the #FloridaEverglades in‚Ä¶,1,0,,
58.0,TikTok,Tampa Bay Times,11/2/23,53,0,2.0,1.0,1.0,1.0,1.0,0.0,1.0,1.0,0.0,0.0,1.0,1.0,5.0,4.0,4.0,,,4.0,3.0,0.0,Legacy,"A crew of about 15 workers were perched on top of the colorful, football‚Ä¶",1,0,,
59.0,TikTok,Tampa Bay Times,11/3/23,65,2,3.0,0.0,1.0,1.0,1.0,1.0,0.0,0.0,0.0,0.0,1.0,1.0,3.0,3.0,3.0,,2.0,5.0,3.0,0.0,Legacy,#TampaInternationalAirport is aiming to make electric #airtaxis a possibility‚Ä¶,1,0,,0.25
60.0,TikTok,Tampa Bay Times,11/3/23,35,0,2.0,1.0,1.0,1.0,1.0,1.0,1.0,1.0,1.0,1.0,1.0,1.0,4.0,4.0,4.0,3.0,3.0,7.0,3.0,0.0,Legacy,#Florida‚Äôs #coral is being returned the sea after being rescued from scorching‚Ä¶,1,0,0.5,0.5
61.0,TikTok,Tampa Bay Times,11/6/23,176,5,3.0,1.0,1.0,1.0,1.0,1.0,1.0,1.0,0.0,0.0,1.0,0.0,4.0,3.0,4.0,2.0,2.0,5.0,2.0,0.0,Legacy,A new partnership between @The Florida Aquarium and @Tampa General Hospital‚Ä¶,1,0,0.25,0.25
62.0,TikTok,Tampa Bay Times,11/9/23,327,10,9.0,1.0,1.0,1.0,1.0,1.0,1.0,1.0,1.0,0.0,1.0,1.0,4.0,2.0,4.0,2.0,2.0,7.0,2.0,0.0,Legacy,"Meet Wyatt, a retired #racehorse. He was fierce and skittish and didn‚Äôt trust people",1,0,0.25,0.25
63.0,TikTok,Tampa Bay Times,12/5/23,28,4,0.0,0.0,4.0,1.0,1.0,1.0,1.0,1.0,1.0,0.0,1.0,1.0,4.0,1.0,4.0,3.0,2.0,7.0,2.0,0.0,Legacy,A car accident at age 21 stole Barbara Walker‚Äôs sense of smell,0,0,0.5,0.25
64.0,YouTube Shorts,CNN,11/1/23,1700,194,0.0,0.0,4.0,1.0,1.0,1.0,1.0,1.0,1.0,0.0,1.0,1.0,4.0,1.0,4.0,3.0,2.0,7.0,2.0,0.0,Legacy,Indicted senator attends classified briefing,0,0,0.5,0.25
65.0,YouTube Shorts,CNN,11/1/23,5600,2200,0.0,0.0,4.0,1.0,1.0,1.0,1.0,1.0,1.0,0.0,1.0,1.0,4.0,1.0,4.0,3.0,2.0,7.0,2.0,0.0,Legacy,Israel official defends strike on refugee camp,0,0,0.5,0.25
66.0,YouTube Shorts,CNN,11/1/23,12000,1600,0.0,0.0,4.0,1.0,1.0,1.0,1.0,1.0,1.0,0.0,1.0,1.0,4.0,1.0,4.0,3.0,2.0,7.0,2.0,0.0,Legacy,Trump Jr. pivots blame in testimony ,0,0,0.5,0.25
67.0,YouTube Shorts,CNN,11/1/23,1000,57,0.0,0.0,4.0,1.0,1.0,1.0,1.0,1.0,1.0,0.0,1.0,1.0,4.0,1.0,4.0,3.0,2.0,7.0,2.0,0.0,Legacy,Hall of fame coach Bob Knight dies at 83,0,0,0.5,0.25
68.0,YouTube Shorts,CNN,11/2/23,2900,716,0.0,1.0,1.0,0.0,0.0,0.0,1.0,0.0,1.0,0.0,1.0,1.0,3.0,3.0,3.0,1.0,1.0,1.0,1.0,0.0,Legacy,Rabbi confronts President Biden,1,0,0.0,0.0
69.0,YouTube Shorts,CNN,11/2/23,3000,571,0.0,0.0,1.0,0.0,1.0,1.0,1.0,0.0,1.0,0.0,2.0,1.0,2.0,2.0,3.0,,1.0,1.0,2.0,1.0,Legacy,Explosions erupt over Gaza,1,0,,0.0
70.0,YouTube Shorts,CNN,11/2/23,18000,1800,0.0,1.0,1.0,1.0,0.0,1.0,1.0,0.0,0.0,0.0,1.0,1.0,3.0,2.0,4.0,1.0,1.0,2.0,1.0,1.0,Legacy,Tense exchanges shared during Eric Trump‚Äôs testimony - YouTube,1,0,0.0,0.0
71.0,Instagram Reels,CNN,11/1/23,8236,1846,0.0,1.0,1.0,1.0,1.0,0.0,1.0,1.0,1.0,0.0,1.0,1.0,5.0,1.0,5.0,1.0,1.0,1.0,1.0,0.0,Legacy,"Injured Palestinians have begun arriving in Egypt, officials say‚Ä¶",1,0,0.0,0.0
72.0,Instagram Reels,CNN,11/1/23,233774,2775,0.0,1.0,1.0,1.0,1.0,0.0,1.0,1.0,1.0,0.0,1.0,1.0,5.0,1.0,5.0,1.0,1.0,1.0,1.0,0.0,Legacy,After a mother noticed one of her son‚Äôs eyes appeared to be black...,1,0,0.0,0.0
73.0,Instagram Reels,CNN,11/1/23,13501,5565,0.0,1.0,1.0,1.0,1.0,0.0,1.0,1.0,1.0,0.0,1.0,1.0,5.0,1.0,5.0,1.0,1.0,1.0,1.0,0.0,Legacy,An Israeli strike on Gaza‚Äôs densely populated Jabalya‚Ä¶,1,0,0.0,0.0
74.0,Instagram Reels,CNN,11/1/23,41548,8698,0.0,1.0,1.0,1.0,1.0,0.0,1.0,1.0,1.0,0.0,1.0,1.0,5.0,1.0,5.0,1.0,1.0,1.0,1.0,0.0,Legacy,CNN‚Äôs Salma Abdelaziz reports on Tuesday‚Äôs airstrike‚Ä¶,1,0,0.0,0.0
75.0,Instagram Reels,CNN,11/1/23,23289,261,0.0,0.0,1.0,1.0,1.0,1.0,1.0,0.0,0.0,0.0,1.0,1.0,3.0,2.0,4.0,2.0,2.0,3.0,2.0,0.0,Legacy,A collision involving a truck with a trailer full of fireworks gave‚Ä¶,1,0,0.25,0.25
76.0,Instagram Reels,CNN,11/2/23,18076,3573,0.0,0.0,1.0,1.0,1.0,1.0,1.0,1.0,1.0,0.0,1.0,1.0,5.0,2.0,5.0,2.0,2.0,1.0,2.0,0.0,Legacy,CNN‚Äôs Elle Reeve visits US college campuses and speaks‚Ä¶,1,0,0.25,0.25
77.0,Instagram Reels,CNN,11/2/23,9341,261,0.0,1.0,1.0,1.0,1.0,1.0,1.0,1.0,0.0,0.0,1.0,1.0,3.0,1.0,3.0,,3.0,3.0,3.0,1.0,Legacy,Miami-Dade Fire Rescue assisted the Broward County Sheriff‚Äôs office with report of a downed,1,0,,0.5
78.0,TikTok,CNN,11/1/23,29100,402,1676.0,1.0,1.0,0.0,0.0,1.0,1.0,0.0,1.0,0.0,1.0,1.0,3.0,3.0,3.0,2.0,1.0,2.0,2.0,1.0,Legacy,Princess Leonor of Spain swore allegiance to the Spanish constitution‚Ä¶,1,0,0.25,0.0
79.0,TikTok,CNN,11/1/23,3005,144,114.0,0.0,4.0,1.0,0.0,0.0,1.0,0.0,0.0,0.0,1.0,1.0,4.0,4.0,4.0,1.0,1.0,2.0,2.0,0.0,Legacy,"CNN's Manu Raju asks Sen. Bob Menendez (D-NJ), who prosecutors‚Ä¶",0,0,0.0,0.0
80.0,TikTok,CNN,11/1/23,15800,70,552.0,1.0,4.0,0.0,1.0,1.0,1.0,1.0,1.0,0.0,1.0,1.0,5.0,2.0,4.0,2.0,1.0,7.0,1.0,1.0,Legacy,After the mother of a 5-month-old noticed one of his eyes appeared to be black‚Ä¶,0,0,0.25,0.0
81.0,TikTok,CNN,11/1/23,3310,1765,264.0,1.0,1.0,1.0,1.0,0.0,1.0,0.0,0.0,0.0,1.0,1.0,2.0,3.0,2.0,1.0,1.0,1.0,1.0,0.0,Legacy,An Israeli strike on Gaza's densely populated Jabalya refugee camp left‚Ä¶,1,0,0.0,0.0
82.0,TikTok,CNN,11/1/23,10300,1993,962.0,0.0,1.0,1.0,1.0,1.0,1.0,0.0,1.0,0.0,2.0,1.0,3.0,3.0,3.0,2.0,1.0,1.0,2.0,1.0,Legacy,CNN's Salma Abdelaziz reports on Tuesday's airstrike‚Ä¶,1,0,0.25,0.0
83.0,TikTok,CNN,11/1/23,3801,319,112.0,1.0,1.0,1.0,1.0,0.0,1.0,0.0,1.0,0.0,1.0,0.0,3.0,2.0,3.0,2.0,1.0,2.0,2.0,0.0,Legacy,"Donald Trump‚Äôs eldest son, Donald Trump Jr., testified that he was not involved ‚Ä¶",1,0,0.25,0.0
84.0,TikTok,CNN,11/1/23,8075,82,571.0,1.0,1.0,1.0,1.0,1.0,1.0,0.0,1.0,0.0,1.0,0.0,4.0,4.0,4.0,,3.0,4.0,3.0,0.0,Legacy,"Bobby Knight, who was one of college basketball‚Äôs winningest coaches",1,0,,0.5
85.0,YouTube Shorts,UnderTheDeskNews,11/15/23,51,0,571.0,0.0,3.0,0.0,0.0,0.0,1.0,0.0,0.0,1.0,1.0,0.0,2.0,3.0,2.0,,4.0,2.0,5.0,0.0,SMonly,Dysfunctional #uspolitics,0,0,,0.75
86.0,YouTube Shorts,UnderTheDeskNews,11/27/23,126,3,571.0,1.0,2.0,0.0,0.0,0.0,1.0,0.0,0.0,1.0,1.0,1.0,3.0,3.0,3.0,5.0,5.0,2.0,5.0,0.0,SMonly,The Mary Magdalene of Politics?? #shorts #uspolitics #marymagdalene ,0,1,1.0,1.0
87.0,YouTube Shorts,UnderTheDeskNews,11/28/23,88,7,571.0,1.0,4.0,0.0,0.0,0.0,1.0,0.0,0.0,0.0,1.0,1.0,4.0,2.0,3.0,4.0,2.0,6.0,4.0,0.0,SMonly,Weight Watchers Buys Telehealth company for easy access to semiglutides #weightloss,0,0,0.75,0.25
88.0,YouTube Shorts,UnderTheDeskNews,11/29/23,165,43,571.0,0.0,2.0,0.0,0.0,0.0,0.0,0.0,0.0,1.0,1.0,1.0,2.0,3.0,2.0,5.0,,2.0,5.0,0.0,SMonly,"See ya in hell, Henry üëãüèª ",0,1,1.0,
89.0,YouTube Shorts,UnderTheDeskNews,11/29/23,202,37,571.0,0.0,2.0,0.0,0.0,0.0,0.0,0.0,0.0,1.0,1.0,1.0,2.0,3.0,2.0,4.0,,2.0,5.0,0.0,SMonly,Byeee #henrykissinger #uspolitics,0,1,0.75,
90.0,YouTube Shorts,UnderTheDeskNews,12/1/23,191,25,571.0,1.0,2.0,0.0,0.0,0.0,0.0,0.0,0.0,1.0,1.0,1.0,4.0,2.0,4.0,5.0,3.0,2.0,4.0,0.0,SMonly,Bye Mary üëãüèª #georgesantos #uspolitics,0,1,1.0,0.5
91.0,YouTube Shorts,UnderTheDeskNews,12/4/23,36,0,571.0,0.0,2.0,0.0,0.0,0.0,1.0,1.0,0.0,1.0,1.0,0.0,2.0,4.0,1.0,5.0,5.0,2.0,5.0,0.0,SMonly,He sounds like Lola from @bigmouthnetflix no?? #georgesantos #bigmouth #uspolitics - YouTube,0,1,1.0,1.0
92.0,Instagram Reels,UnderTheDeskNews,11/1/23,9455,266,571.0,0.0,2.0,0.0,0.0,0.0,1.0,1.0,0.0,1.0,1.0,0.0,2.0,4.0,1.0,5.0,5.0,2.0,5.0,0.0,SMonly,#rochesterny local arrested for hate crime at #cornell #cornelluniversity #pittsfordny‚Ä¶,0,1,1.0,1.0
93.0,Instagram Reels,UnderTheDeskNews,11/1/23,741,7,571.0,0.0,4.0,0.0,0.0,0.0,1.0,0.0,0.0,0.0,1.0,0.0,2.0,4.0,2.0,5.0,5.0,3.0,5.0,0.0,SMonly,Check out the episode on your podcast app!¬†#bringchanelhome,0,0,1.0,1.0
94.0,Instagram Reels,UnderTheDeskNews,11/1/23,18851,388,571.0,0.0,4.0,0.0,0.0,0.0,1.0,0.0,0.0,0.0,1.0,0.0,2.0,4.0,2.0,5.0,5.0,3.0,5.0,0.0,SMonly,Is Mitch as scary as he once was or could Hawley stand up to him?...,0,0,1.0,1.0
95.0,Instagram Reels,UnderTheDeskNews,11/2/23,5953,190,571.0,0.0,4.0,0.0,0.0,0.0,1.0,0.0,0.0,0.0,1.0,0.0,2.0,4.0,2.0,5.0,5.0,3.0,5.0,0.0,SMonly,Mike Johnson ALSO thinks‚Ä¶ a lot‚Ä¶ a lot a lot‚Ä¶.,0,0,1.0,1.0
96.0,Instagram Reels,UnderTheDeskNews,11/2/23,5080,174,571.0,0.0,4.0,0.0,0.0,0.0,1.0,0.0,0.0,0.0,1.0,0.0,2.0,4.0,2.0,5.0,5.0,3.0,5.0,0.0,SMonly,Are we.. are we on the same page today Senator Graham?...,0,0,1.0,1.0
97.0,Instagram Reels,UnderTheDeskNews,11/2/23,8320,78,571.0,0.0,4.0,0.0,0.0,0.0,1.0,0.0,0.0,0.0,1.0,0.0,2.0,4.0,2.0,5.0,5.0,3.0,5.0,0.0,SMonly,#rewilding #goodnews #goodnewsonly #golf #nepal #museum‚Ä¶,0,0,1.0,1.0
98.0,Instagram Reels,UnderTheDeskNews,11/5/23,5855,120,571.0,1.0,4.0,0.0,0.0,0.0,1.0,0.0,0.0,1.0,1.0,0.0,4.0,5.0,4.0,5.0,5.0,2.0,5.0,0.0,SMonly,"Stitch with @soso_swag - Pennsylvania! Vote on or before THIS November 7, 2023 your local elections are going to have a major impact on‚Ä¶ | Instagram",0,0,1.0,1.0
,TikTok,UnderTheDeskNews,11/1/23,32400,829,379.0,1.0,2.0,0.0,0.0,0.0,1.0,0.0,1.0,0.0,2.0,1.0,3.0,3.0,3.0,4.0,2.0,1.0,4.0,0.0,SMonly,Pittsford NY Student arrested on federal hate crime charges #rochesterny‚Ä¶,0,1,0.75,0.25
100.0,TikTok,UnderTheDeskNews,11/1/23,114200,2831,2644.0,1.0,2.0,0.0,0.0,0.0,1.0,0.0,0.0,0.0,1.0,1.0,4.0,4.0,4.0,5.0,4.0,2.0,4.0,0.0,SMonly,#citizensunited #elections #darkmoney #conservative #democrat‚Ä¶,0,1,1.0,0.75
101.0,TikTok,UnderTheDeskNews,11/2/23,19500,622,204.0,1.0,2.0,0.0,0.0,0.0,1.0,0.0,1.0,1.0,1.0,1.0,3.0,3.0,3.0,4.0,5.0,2.0,5.0,0.0,SMonly,Mike Johnson ALSO thinks‚Ä¶ a lot‚Ä¶ a lot a lot.. maybe too much?...,0,1,0.75,1.0
102.0,TikTok,UnderTheDeskNews,11/2/23,14900,580,237.0,1.0,4.0,0.0,0.0,0.0,1.0,0.0,0.0,0.0,1.0,1.0,1.0,2.0,2.0,1.0,1.0,2.0,1.0,1.0,SMonly,Yesterday I hyped up Josh Hawley on his Ending Corporate Influence‚Ä¶,0,0,0.0,0.0
103.0,TikTok,UnderTheDeskNews,11/2/23,39100,429,560.0,1.0,2.0,1.0,0.0,0.0,1.0,0.0,1.0,0.0,1.0,1.0,4.0,2.0,4.0,4.0,3.0,4.0,4.0,0.0,SMonly,#stitch with @D U S T I N P A I S L E Y #rewilding #goodnews #goodnewsonly‚Ä¶,0,1,0.75,0.5
104.0,TikTok,UnderTheDeskNews,11/6/23,147700,2793,2625.0,0.0,4.0,1.0,0.0,0.0,1.0,0.0,0.0,1.0,1.0,0.0,3.0,3.0,3.0,5.0,3.0,2.0,4.0,0.0,SMonly,He‚Äôs trying to run down the clock on testimony. This is interesting‚Ä¶,0,0,1.0,0.5
105.0,TikTok,UnderTheDeskNews,11/6/23,110000,2163,1651.0,0.0,4.0,0.0,0.0,0.0,1.0,0.0,0.0,1.0,1.0,1.0,4.0,3.0,4.0,5.0,3.0,2.0,4.0,0.0,SMonly,Wild. Times. #trumptrial #newyork TikToks Legal Eagles: @Legal Dad @Maclen & Ashleigh,0,0,1.0,0.5
106.0,YouTube Shorts,GoodMorning BadNews,6/22/23,238,7,1651.0,1.0,3.0,1.0,1.0,0.0,1.0,1.0,1.0,1.0,1.0,0.0,4.0,5.0,3.0,,3.0,3.0,5.0,0.0,SMonly,Missing Submarine Found! | GMBN - YouTube,0,0,,0.5
107.0,YouTube Shorts,GoodMorning BadNews,6/30/23,108,0,1651.0,1.0,3.0,1.0,1.0,0.0,1.0,1.0,1.0,1.0,1.0,1.0,2.0,4.0,2.0,4.0,5.0,2.0,5.0,0.0,SMonly,Supreme Court kills Biden‚Äôs student loan forgiveness | GMBN (youtube.com),0,0,0.75,1.0
108.0,YouTube Shorts,GoodMorning BadNews,7/14/23,472,1,1651.0,1.0,3.0,1.0,1.0,0.0,1.0,1.0,1.0,1.0,1.0,1.0,3.0,4.0,3.0,,5.0,4.0,4.0,0.0,SMonly,Why Are Netflix Shows So Awful? | GMBN (youtube.com),0,0,,1.0
109.0,YouTube Shorts,GoodMorning BadNews,7/21/23,159,0,1651.0,1.0,3.0,1.0,1.0,0.0,1.0,1.0,1.0,1.0,1.0,1.0,4.0,3.0,4.0,,4.0,6.0,4.0,0.0,SMonly,| GMBN (youtube.com),0,0,,0.75
110.0,YouTube Shorts,GoodMorning BadNews,8/4/23,168,0,1651.0,1.0,1.0,1.0,1.0,0.0,1.0,1.0,1.0,1.0,1.0,1.0,3.0,5.0,3.0,,3.0,2.0,4.0,0.0,SMonly,Trump Faces 641 Years in Prison | GMBN (youtube.com),1,0,,0.5
111.0,YouTube Shorts,GoodMorning BadNews,8/9/23,170,0,1651.0,1.0,3.0,1.0,1.0,0.0,1.0,1.0,1.0,1.0,1.0,1.0,4.0,3.0,4.0,4.0,4.0,6.0,4.0,0.0,SMonly,"AirBnb is Crashing, You Can Finally Buy a House! | GMBN (youtube.com)",0,0,0.75,0.75
112.0,YouTube Shorts,GoodMorning BadNews,8/24/23,262,0,1651.0,1.0,3.0,1.0,1.0,1.0,1.0,1.0,1.0,1.0,1.0,1.0,4.0,5.0,2.0,4.0,5.0,2.0,4.0,1.0,SMonly,The Republican Debate Was a Mess | GMBN (youtube.com),0,0,0.75,1.0
113.0,Instagram Reels,GoodMorning BadNews,10/10/23,3747,109,1651.0,1.0,3.0,1.0,1.0,1.0,1.0,1.0,1.0,1.0,1.0,1.0,4.0,5.0,2.0,4.0,5.0,2.0,4.0,1.0,SMonly,"Would the US ever reinstate the draft,",0,0,0.75,1.0
114.0,Instagram Reels,GoodMorning BadNews,10/25/23,5096,72,1651.0,1.0,3.0,1.0,1.0,1.0,1.0,1.0,1.0,1.0,1.0,1.0,4.0,5.0,2.0,4.0,5.0,2.0,4.0,1.0,SMonly,An international tribunal of legal experts found the US,0,0,0.75,1.0
115.0,Instagram Reels,GoodMorning BadNews,11/2/23,6612,269,1651.0,1.0,3.0,1.0,1.0,0.0,1.0,1.0,1.0,1.0,1.0,1.0,2.0,5.0,2.0,5.0,5.0,2.0,5.0,0.0,SMonly,"After weeks of infighting, there is finally a new Speaker of the Houser: Mike Johnson,",0,0,1.0,1.0
116.0,Instagram Reels,GoodMorning BadNews,11/10/23,12355,331,1651.0,1.0,3.0,1.0,1.0,0.0,1.0,1.0,1.0,1.0,1.0,1.0,2.0,5.0,2.0,5.0,5.0,2.0,5.0,0.0,SMonly,Our bloated military is a malignancy on the United States,0,0,1.0,1.0
117.0,Instagram Reels,GoodMorning BadNews,11/17/23,4078,84,1651.0,1.0,3.0,1.0,1.0,0.0,1.0,1.0,1.0,1.0,1.0,1.0,4.0,3.0,4.0,5.0,3.0,6.0,4.0,0.0,SMonly,Going to college might be the worst investment you can make in your future. ,0,0,1.0,0.5
118.0,Instagram Reels,GoodMorning BadNews,1/1/24,11773,271,1651.0,1.0,3.0,1.0,1.0,0.0,1.0,1.0,1.0,1.0,1.0,1.0,4.0,3.0,4.0,5.0,3.0,6.0,4.0,0.0,SMonly,"As Of 2024, Millennials and Gen-Zers have less money ",0,0,1.0,0.5
119.0,Instagram Reels,GoodMorning BadNews,1/13/24,4727,112,1651.0,1.0,3.0,1.0,1.0,0.0,1.0,1.0,1.0,1.0,1.0,1.0,4.0,3.0,4.0,5.0,3.0,6.0,4.0,0.0,SMonly,Israel has been officially charged with genocide against the Palestinian,0,0,1.0,0.5
120.0,TikTok,GoodMorning BadNews,10/6/23,125700,1718,9491.0,1.0,3.0,1.0,1.0,0.0,1.0,1.0,1.0,1.0,1.0,1.0,4.0,4.0,3.0,4.0,5.0,2.0,5.0,0.0,SMonly,#goodmorningbadnews #goodmorninggoodnews #transatlantic #tennessee #involuntary #prison #jail #jimcrowlaws #jimcrow #incarceration #trump #biden #abrahamlincoln #13amendment #13thamendment,0,0,0.75,1.0
121.0,TikTok,GoodMorning BadNews,10/10/23,125700,3315,9627.0,1.0,2.0,1.0,1.0,0.0,1.0,1.0,1.0,0.0,1.0,1.0,3.0,2.0,3.0,3.0,5.0,2.0,4.0,0.0,SMonly,#goodmorningbadnews #ww3 #israel #palestine #libya #hamas #iran #ukraine #worldnews #conflict #draft #militarydraft #rotc #usarmy #usnavy #usmarines #usmc @danfromtheinternet,0,1,0.5,1.0
122.0,TikTok,GoodMorning BadNews,10/25/23,105700,1856,11400.0,1.0,3.0,1.0,1.0,0.0,1.0,1.0,1.0,0.0,1.0,1.0,3.0,4.0,3.0,,4.0,2.0,4.0,0.0,SMonly,#goodmorningbadnews #initedstates #israel #palestine #international #icj #ww3 #hamas #russia #ukraine #guilty #justice #internationalcourtofjustice #hague #thehague #crimes,0,0,,0.75
123.0,TikTok,GoodMorning BadNews,11/11/23,43400,1297,4033.0,1.0,2.0,1.0,1.0,0.0,1.0,1.0,1.0,0.0,1.0,1.0,2.0,5.0,1.0,4.0,5.0,2.0,5.0,0.0,SMonly,#goodmorningbadnews #military #usmilitary #occupation #afghanistan #iraq #syria #vietnam #bush #georgebush #obama #biden #trump #israel #gaza #ukraine #russia,0,1,0.75,1.0
124.0,TikTok,GoodMorning BadNews,11/30/23,103500,810,9535.0,1.0,3.0,1.0,1.0,0.0,1.0,1.0,1.0,1.0,2.0,1.0,4.0,5.0,3.0,4.0,5.0,2.0,5.0,0.0,SMonly,OUR FAVORITE KIND OF UPDATE! #henrykissinger #kissinger #kissingerisstillalive #vietnam #politics #nixon #republican #democrats #hillaryclinton #clinton #vietnamwar #cambodia #celebrities,0,0,0.75,1.0
125.0,TikTok,GoodMorning BadNews,1/1/24,115500,1855,11800.0,1.0,2.0,1.0,1.0,0.0,1.0,1.0,1.0,1.0,1.0,1.0,3.0,4.0,3.0,4.0,4.0,6.0,4.0,0.0,SMonly,#goodmorningbadnews #money #pay #paycheck #pricegouging #profits #salary #stocks #wages #wealth #workers #hyperinflation #inflation #lobbying #economy #employees #bills #business #workingclass #millennials #babyboomers #poverty #genz #genz #generation #broke #poor #rent #bills,0,1,0.75,0.75
126.0,TikTok,GoodMorning BadNews,1/13/24,5441,127,494.0,1.0,2.0,1.0,1.0,0.0,1.0,1.0,1.0,0.0,1.0,1.0,2.0,4.0,2.0,,3.0,1.0,4.0,0.0,SMonly,#goodmorningbadnews #israel #gaza #netanyahu #biden #icj,0,1,,0.5
